﻿pos_x,pos_y,rotation,side,designator,mpn,pack,value,mount_type,place
217.0,-101.0,0.0,top,H1,,MountingHole_2.2mm_M2_DIN965_Pad,MountingHole,tht,True
217.0,-47.0,0.0,top,H2,,MountingHole_2.2mm_M2_DIN965_Pad,MountingHole,tht,True
119.0,-95.0,0.0,top,H3,,MountingHole_2.2mm_M2_DIN965_Pad,MountingHole,tht,True
78.359,-74.168,0.0,top,H4,,MountingHole_2.2mm_M2_DIN965_Pad,MountingHole,tht,True
86.0,-54.0,0.0,top,MX1,,Kailh_socket_PG1350_optional,MX_SW_HS,tht,True
145.25625,-94.0,0.0,top,MX10,,Kailh_socket_PG1350_optional,MX_SW_HS,tht,True
153.0,-73.043303,0.0,top,MX11,,Kailh_socket_PG1350_optional,MX_SW_HS,tht,True
172.053545,-73.043017,0.0,top,MX12,,Kailh_socket_PG1350_optional,MX_SW_HS,tht,True
191.10569,-81.13125,0.0,top,MX13,,Kailh_socket_PG1350_optional,MX_SW_HS,tht,True
210.157835,-85.89375,0.0,top,MX14,,Kailh_socket_PG1350_optional,MX_SW_HS,tht,True
105.058542,-54.0,0.0,top,MX2,,Kailh_socket_PG1350_optional,MX_SW_HS,tht,True
124.110687,-59.98125,0.0,top,MX3,,Kailh_socket_PG1350_optional,MX_SW_HS,tht,True
153.0,-54.0,0.0,top,MX4,,Kailh_socket_PG1350_optional,MX_SW_HS,tht,True
172.053545,-53.990872,0.0,top,MX5,,Kailh_socket_PG1350_optional,MX_SW_HS,tht,True
191.10569,-62.084244,0.0,top,MX6,,Kailh_socket_PG1350_optional,MX_SW_HS,tht,True
210.157835,-66.842755,0.0,top,MX7,,Kailh_socket_PG1350_optional,MX_SW_HS,tht,True
86.0,-94.0,0.0,top,MX8,,Kailh_socket_PG1350_optional,MX_SW_HS,tht,True
105.058542,-94.0,0.0,top,MX9,,Kailh_socket_PG1350_optional,MX_SW_HS,tht,True
100.33,-73.787,90.0,bottom,U2,,Elite-C_ACH,ProMicro,tht,False
